Hollow Sun,complete,21886
Metaphor Big,delivery,50015
Weeknight Surreal,delivery,50617
Big Moose,complete,32080
Black Crystal,delivery,92402
Maximum Hungry Tiger,opportunity,10081
Foot Steamy,delivery,24682
Arm Sleepy,opportunity,28535
Streaming Harsh Weeknight,delivery,47262
Harsh Mustard,complete,45585
Rebel Waterbird,complete,31545
Tasty Crystal,lost,41070
Rocky Meaningful Drill,lost,18861
Timely Serpent,delivery,81577
Deserted Microphone,complete,72981
Intensive Skunk,lost,10940
Lost Lobster,complete,84816
Eager Itchy Haystack,delivery,46160
Olive Sapphire,complete,10966
Morning Navy,delivery,91776